Timestamp,Status,Voltage_V,Current_A,Capacity_mAh
2026-10-06 03:01:04,CV_Charge,21.36,0.0,7839
2026-10-06 03:01:05,CV_Charge,21.36,0.0,7839
2026-10-06 03:01:06,CV_Charge,21.36,0.0,7839
2026-10-06 03:01:07,CV_Charge,21.36,0.0,7839
2026-10-06 03:01:08,CV_Charge,21.36,0.0,7839
2026-10-06 03:01:09,CV_Charge,21.36,0.0,7839
2026-10-06 03:01:10,CV_Charge,21.36,0.0,7839
2026-10-06 03:01:11,CV_Charge,21.36,0.0,7839
2026-10-06 03:01:12,CV_Charge,21.36,0.0,7839
2026-10-06 03:01:14,CV_Charge,21.36,0.0,7839
2026-10-06 03:01:15,CV_Charge,21.36,0.0,7839
2026-10-06 03:01:16,CV_Charge,21.36,0.0,7839
2026-10-06 03:01:17,CV_Charge,21.36,0.0,7839
2026-10-06 03:01:18,CV_Charge,21.36,0.0,7839
2026-10-06 03:01:19,CV_Charge,21.36,0.0,7839
2026-10-06 03:01:20,CV_Charge,21.36,0.0,7839
2026-10-06 03:01:21,CV_Charge,21.36,0.0,7839
2026-10-06 03:01:22,Unknown (102),132.37,0.0,7839
2026-10-06 03:01:23,CV_Charge,21.36,0.0,7839
2026-10-06 03:01:24,CV_Charge,21.36,0.0,7839
2026-10-06 03:01:25,CV_Charge,21.36,0.0,7839
2026-10-06 03:01:26,CV_Charge,21.36,0.0,7839
2026-10-06 03:01:27,CV_Charge,21.36,0.0,7839
2026-10-06 03:01:28,CV_Charge,21.36,0.0,7839
2026-10-06 03:01:29,CV_Charge,21.36,0.0,7839
2026-10-06 03:01:30,CV_Charge,21.36,0.0,7839
2026-10-06 03:01:31,CV_Charge,21.36,0.0,7839
2026-10-06 03:01:32,CV_Charge,21.36,0.0,7839
2026-10-06 03:01:33,CV_Charge,21.36,0.0,7839
2026-10-06 03:01:34,CV_Charge,21.36,0.0,7839
2026-10-06 03:01:35,CV_Charge,21.36,0.0,7839
2026-10-06 03:01:36,CV_Charge,21.36,0.0,7839
2026-10-06 03:01:37,CV_Charge,21.36,0.0,7839
2026-10-06 03:01:38,CV_Charge,21.36,0.0,7839
2026-10-06 03:01:39,CV_Charge,21.36,0.0,7839
2026-10-06 03:01:40,CV_Charge,21.36,0.0,7839
2026-10-06 03:01:41,CV_Charge,21.36,0.0,7839
2026-10-06 03:01:42,CV_Charge,21.36,0.0,7839
2026-10-06 03:01:43,CV_Charge,21.36,0.0,7839
2026-10-06 03:01:44,CV_Charge,21.36,0.0,7839
2026-10-06 03:01:45,CV_Charge,21.36,0.0,7839
2026-10-06 03:01:46,CV_Charge,21.36,0.0,7839
2026-10-06 03:01:47,CV_Charge,21.36,0.0,7839
2026-10-06 03:01:48,CV_Charge,21.36,0.0,7839
2026-10-06 03:01:49,CV_Charge,21.36,0.0,7839
2026-10-06 03:01:50,CV_Charge,21.36,0.0,7839
2026-10-06 03:01:51,CV_Charge,21.36,0.0,7839
2026-10-06 03:01:52,CV_Charge,21.36,0.0,7839
2026-10-06 03:01:53,CV_Charge,21.36,0.0,7839
2026-10-06 03:01:54,CV_Charge,21.36,0.0,7839
2026-10-06 03:01:55,CV_Charge,21.36,0.0,7839
2026-10-06 03:01:56,CV_Charge,21.36,0.0,7839
2026-10-06 03:01:57,CV_Charge,21.36,0.0,7839
2026-10-06 03:01:58,CV_Charge,21.36,0.0,7839
2026-10-06 03:01:59,CV_Charge,21.36,0.0,7839
2026-10-06 03:02:00,CV_Charge,21.36,0.0,7839
2026-10-06 03:02:01,CV_Charge,21.36,0.0,7839
2026-10-06 03:02:02,CV_Charge,21.36,0.0,7839
2026-10-06 03:02:03,CV_Charge,21.36,0.0,7839
2026-10-06 03:02:04,CV_Charge,21.36,0.0,7839
2026-10-06 03:02:05,CV_Charge,21.36,0.0,7839
2026-10-06 03:02:06,CV_Charge,21.36,0.0,7839
2026-10-06 03:02:07,CV_Charge,21.36,0.0,7839
2026-10-06 03:02:08,CV_Charge,21.36,0.0,7839
2026-10-06 03:02:09,CV_Charge,21.36,0.0,7839
2026-10-06 03:02:10,CV_Charge,21.36,0.0,7839
2026-10-06 03:02:11,CV_Charge,21.36,0.0,7839
2026-10-06 03:02:12,CV_Charge,21.36,0.0,7839
2026-10-06 03:02:13,CV_Charge,21.36,0.0,7839
2026-10-06 03:02:14,CV_Charge,21.36,0.0,7839
2026-10-06 03:02:15,CV_Charge,21.36,0.0,7839
2026-10-06 03:02:16,CV_Charge,21.36,0.0,7839
2026-10-06 03:02:17,CV_Charge,21.36,0.0,7839
2026-10-06 03:02:18,CV_Charge,21.36,0.0,7839
2026-10-06 03:02:19,CV_Charge,21.36,0.0,7839
2026-10-06 03:02:20,CV_Charge,21.36,0.0,7839
2026-10-06 03:02:21,CV_Charge,21.36,0.0,7839
2026-10-06 03:02:22,CV_Charge,21.36,0.0,7839
2026-10-06 03:02:23,CV_Charge,21.36,0.0,7839
2026-10-06 03:02:24,CV_Charge,21.36,0.0,7839
2026-10-06 03:02:25,CV_Charge,21.36,0.0,7839
2026-10-06 03:02:26,CV_Charge,21.36,0.0,7839
2026-10-06 03:02:27,CV_Charge,21.36,0.0,7839
2026-10-06 03:02:28,CV_Charge,21.36,0.0,7839
2026-10-06 03:02:29,CV_Charge,21.36,0.0,7839
2026-10-06 03:02:30,CV_Charge,21.36,0.0,7839
2026-10-06 03:02:31,CV_Charge,21.36,0.0,7839
2026-10-06 03:02:32,CV_Charge,21.36,0.0,7839
2026-10-06 03:02:33,CV_Charge,21.36,0.0,7839
2026-10-06 03:02:34,CV_Charge,21.36,0.0,7839
2026-10-06 03:02:35,CV_Charge,21.36,0.0,7839
2026-10-06 03:02:36,CV_Charge,21.36,0.0,7839
2026-10-06 03:02:37,CV_Charge,21.36,0.0,7839
2026-10-06 03:02:38,CV_Charge,21.36,0.0,7839
2026-10-06 03:02:39,CV_Charge,21.36,0.0,7839
2026-10-06 03:02:40,CV_Charge,21.36,0.0,7839
2026-10-06 03:02:41,CV_Charge,21.36,0.0,7839
2026-10-06 03:02:42,CV_Charge,21.36,0.0,7839
2026-10-06 03:02:43,CV_Charge,21.36,0.0,7839
2026-10-06 03:02:44,CV_Charge,21.36,0.0,7839
2026-10-06 03:02:45,CV_Charge,21.36,0.0,7839
2026-10-06 03:02:46,CV_Charge,21.36,0.0,7839
2026-10-06 03:02:47,CV_Charge,21.36,0.0,7839
2026-10-06 03:02:48,CV_Charge,21.36,0.0,7839
2026-10-06 03:02:49,CV_Charge,21.36,0.0,7839
2026-10-06 03:02:50,CV_Charge,21.36,0.0,7839
2026-10-06 03:02:51,CV_Charge,21.36,0.0,7839
2026-10-06 03:02:52,CV_Charge,21.36,0.0,7839
2026-10-06 03:02:53,CV_Charge,21.36,0.0,7839
2026-10-06 03:02:54,CV_Charge,21.36,0.0,7839
2026-10-06 03:02:55,CV_Charge,21.36,0.0,7839
2026-10-06 03:02:56,CV_Charge,21.36,0.0,7839
2026-10-06 03:02:57,CV_Charge,21.36,0.0,7839
2026-10-06 03:02:58,CV_Charge,21.36,0.0,7839
2026-10-06 03:02:59,CV_Charge,21.36,0.0,7839
2026-10-06 03:03:00,CV_Charge,21.36,0.0,7839
2026-10-06 03:03:01,CV_Charge,21.36,0.0,7839
2026-10-06 03:03:02,CV_Charge,21.36,0.0,7839
2026-10-06 03:03:03,CV_Charge,21.36,0.0,7839
2026-10-06 03:03:04,CV_Charge,21.36,0.0,7839
2026-10-06 03:03:05,CV_Charge,21.36,0.0,7839
2026-10-06 03:03:06,CV_Charge,21.36,0.0,7839
2026-10-06 03:03:07,CV_Charge,21.36,0.0,7839
2026-10-06 03:03:08,CV_Charge,21.36,0.0,7839
2026-10-06 03:03:09,CV_Charge,21.36,0.0,7839
2026-10-06 03:03:10,CV_Charge,21.36,0.0,7839
2026-10-06 03:03:11,CV_Charge,21.36,0.0,7839
2026-10-06 03:03:12,CV_Charge,21.36,0.0,7839
2026-10-06 03:03:13,CV_Charge,21.36,0.0,7839
2026-10-06 03:03:14,CV_Charge,21.36,0.0,7839
2026-10-06 03:03:15,CV_Charge,21.36,0.0,7839
2026-10-06 03:03:16,CV_Charge,21.36,0.0,7839
2026-10-06 03:03:17,CV_Charge,21.36,0.0,7839
2026-10-06 03:03:18,CV_Charge,21.36,0.0,7839
2026-10-06 03:03:19,CV_Charge,21.36,0.0,7839
2026-10-06 03:03:20,CV_Charge,21.36,0.0,7839
2026-10-06 03:03:21,CV_Charge,21.36,0.0,7839
2026-10-06 03:03:22,CV_Charge,21.36,0.0,7839
2026-10-06 03:03:23,CV_Charge,21.36,0.0,7839
2026-10-06 03:03:24,CV_Charge,21.36,0.0,7839
2026-10-06 03:03:25,CV_Charge,21.36,0.0,7839
2026-10-06 03:03:26,CV_Charge,21.36,0.0,7839
2026-10-06 03:03:27,CV_Charge,21.36,0.0,7839
2026-10-06 03:03:28,CV_Charge,21.36,0.0,7839
2026-10-06 03:03:29,CV_Charge,21.36,0.0,7839
2026-10-06 03:03:30,CV_Charge,21.36,0.0,7839
2026-10-06 03:03:31,CV_Charge,21.36,0.0,7839
2026-10-06 03:03:32,CV_Charge,21.36,0.0,7839
2026-10-06 03:03:33,CV_Charge,21.36,0.0,7839
2026-10-06 03:03:34,CV_Charge,21.36,0.0,7839
2026-10-06 03:03:35,CV_Charge,21.36,0.0,7839
2026-10-06 03:03:36,CV_Charge,21.36,0.0,7839
2026-10-06 03:03:37,CV_Charge,21.36,0.0,7839
2026-10-06 03:03:38,CV_Charge,21.36,0.0,7839
2026-10-06 03:03:39,Unknown (102),132.37,0.0,7839
2026-10-06 03:03:40,CV_Charge,21.36,0.0,7839
2026-10-06 03:03:41,CV_Charge,21.36,0.0,7839
2026-10-06 03:03:42,CV_Charge,21.36,0.0,7839
2026-10-06 03:03:43,CV_Charge,21.36,0.0,7839
2026-10-06 03:03:44,CV_Charge,21.36,0.0,7839
2026-10-06 03:03:45,CV_Charge,21.36,0.0,7839
2026-10-06 03:03:46,CV_Charge,21.36,0.0,7839
2026-10-06 03:03:47,CV_Charge,21.36,0.0,7839
2026-10-06 03:03:48,CV_Charge,21.36,0.0,7839
2026-10-06 03:03:49,CV_Charge,21.36,0.0,7839
2026-10-06 03:03:50,CV_Charge,21.36,0.0,7839
2026-10-06 03:03:51,CV_Charge,21.36,0.0,7839
2026-10-06 03:03:52,CV_Charge,21.36,0.0,7839
2026-10-06 03:03:53,CV_Charge,21.36,0.0,7839
2026-10-06 03:03:54,CV_Charge,21.36,0.0,7839
2026-10-06 03:03:55,CV_Charge,21.36,0.0,7839
2026-10-06 03:03:56,CV_Charge,21.36,0.0,7839
2026-10-06 03:03:57,CV_Charge,21.36,0.0,7839
2026-10-06 03:03:58,CV_Charge,21.36,0.0,7839
2026-10-06 03:03:59,CV_Charge,21.36,0.0,7839
2026-10-06 03:04:00,CV_Charge,21.36,0.0,7839
2026-10-06 03:04:01,CV_Charge,21.36,0.0,7839
2026-10-06 03:04:02,CV_Charge,21.36,0.0,7839
2026-10-06 03:04:03,CV_Charge,21.36,0.0,7839
2026-10-06 03:04:04,CV_Charge,21.36,0.0,7839
2026-10-06 03:04:05,CV_Charge,21.36,0.0,7839
2026-10-06 03:04:06,CV_Charge,21.36,0.0,7839
2026-10-06 03:04:07,CV_Charge,21.36,0.0,7839
2026-10-06 03:04:08,CV_Charge,21.36,0.0,7839
2026-10-06 03:04:09,CV_Charge,21.36,0.0,7839
2026-10-06 03:04:10,CV_Charge,21.36,0.0,7839
2026-10-06 03:04:11,CV_Charge,21.36,0.0,7839
2026-10-06 03:04:12,CV_Charge,21.36,0.0,7839
2026-10-06 03:04:13,CV_Charge,21.36,0.0,7839
2026-10-06 03:04:14,CV_Charge,21.36,0.0,7839
2026-10-06 03:04:15,CV_Charge,21.36,0.0,7839
2026-10-06 03:04:16,CV_Charge,21.36,0.0,7839
2026-10-06 03:04:17,CV_Charge,21.36,0.0,7839
2026-10-06 03:04:18,CV_Charge,21.36,0.0,7839
2026-10-06 03:04:19,CV_Charge,21.36,0.0,7839
2026-10-06 03:04:20,CV_Charge,21.36,0.0,7839
2026-10-06 03:04:21,CV_Charge,21.36,0.0,7839
2026-10-06 03:04:22,CV_Charge,21.36,0.0,7839
2026-10-06 03:04:23,CV_Charge,21.36,0.0,7839
2026-10-06 03:04:24,CV_Charge,21.36,0.0,7839
2026-10-06 03:04:25,Unknown (102),132.37,0.0,7839
2026-10-06 03:04:26,CV_Charge,21.36,0.0,7839
2026-10-06 03:04:28,CV_Charge,21.36,0.0,7839
2026-10-06 03:04:29,CV_Charge,21.36,0.0,7839
2026-10-06 03:04:30,CV_Charge,21.36,0.0,7839
2026-10-06 03:04:31,CV_Charge,21.36,0.0,7839
2026-10-06 03:04:32,CV_Charge,21.36,0.0,7839
2026-10-06 03:04:33,CV_Charge,21.36,0.0,7839
2026-10-06 03:04:34,CV_Charge,21.36,0.0,7839
2026-10-06 03:04:35,CV_Charge,21.36,0.0,7839
2026-10-06 03:04:36,CV_Charge,21.36,0.0,7839
2026-10-06 03:04:37,CV_Charge,21.36,0.0,7839
2026-10-06 03:04:38,CV_Charge,21.36,0.0,7839
2026-10-06 03:04:39,CV_Charge,21.36,0.0,7839
2026-10-06 03:04:40,CV_Charge,21.36,0.0,7839
2026-10-06 03:04:41,CV_Charge,21.36,0.0,7839
2026-10-06 03:04:42,CV_Charge,21.36,0.0,7839
2026-10-06 03:04:43,CV_Charge,21.36,0.0,7839
2026-10-06 03:04:44,CV_Charge,21.36,0.0,7839
2026-10-06 03:04:45,CV_Charge,21.36,0.0,7839
2026-10-06 03:04:46,CV_Charge,21.36,0.0,7839
2026-10-06 03:04:47,CV_Charge,21.36,0.0,7839
2026-10-06 03:04:48,CV_Charge,21.36,0.0,7839
2026-10-06 03:04:49,CV_Charge,21.36,0.0,7839
2026-10-06 03:04:50,CV_Charge,21.36,0.0,7839
2026-10-06 03:04:51,CV_Charge,21.36,0.0,7839
2026-10-06 03:04:52,CV_Charge,21.36,0.0,7839
2026-10-06 03:04:53,CV_Charge,21.36,0.0,7839
2026-10-06 03:04:54,CV_Charge,21.36,0.0,7839
2026-10-06 03:04:55,CV_Charge,21.36,0.0,7839
2026-10-06 03:04:56,CV_Charge,21.36,0.0,7839
2026-10-06 03:04:57,CV_Charge,21.36,0.0,7839
2026-10-06 03:04:58,CV_Charge,21.36,0.0,7839
2026-10-06 03:04:59,CV_Charge,21.36,0.0,7839
2026-10-06 03:05:00,CV_Charge,21.36,0.0,7839
2026-10-06 03:05:01,CV_Charge,21.36,0.0,7839
2026-10-06 03:05:02,CV_Charge,21.36,0.0,7839
2026-10-06 03:05:03,CV_Charge,21.36,0.0,7839
2026-10-06 03:05:04,CV_Charge,21.36,0.0,7839
2026-10-06 03:05:05,CV_Charge,21.36,0.0,7839
2026-10-06 03:05:06,CV_Charge,21.36,0.0,7839
2026-10-06 03:05:07,CV_Charge,21.36,0.0,7839
2026-10-06 03:05:08,CV_Charge,21.36,0.0,7839
2026-10-06 03:05:09,CV_Charge,21.36,0.0,7839
2026-10-06 03:05:10,CV_Charge,21.36,0.0,7839
2026-10-06 03:05:11,CV_Charge,21.36,0.0,7839
2026-10-06 03:05:12,CV_Charge,21.36,0.0,7839
2026-10-06 03:05:13,CV_Charge,21.36,0.0,7839
2026-10-06 03:05:14,CV_Charge,21.36,0.0,7839
2026-10-06 03:05:15,CV_Charge,21.36,0.0,7839
2026-10-06 03:05:16,CV_Charge,21.36,0.0,7839
2026-10-06 03:05:17,CV_Charge,21.36,0.0,7839
2026-10-06 03:05:18,CV_Charge,21.36,0.0,7839
2026-10-06 03:05:19,CV_Charge,21.36,0.0,7839
2026-10-06 03:05:20,CV_Charge,21.36,0.0,7839
2026-10-06 03:05:21,CV_Charge,21.36,0.0,7839
2026-10-06 03:05:22,CV_Charge,21.36,0.0,7839
2026-10-06 03:05:23,CV_Charge,21.36,0.0,7839
2026-10-06 03:05:24,CV_Charge,21.36,0.0,7839
2026-10-06 03:05:25,CV_Charge,21.36,0.0,7839
2026-10-06 03:05:26,CV_Charge,21.36,0.0,7839
2026-10-06 03:05:27,CV_Charge,21.36,0.0,7839
2026-10-06 03:05:28,CV_Charge,21.36,0.0,7839
2026-10-06 03:05:29,CV_Charge,21.36,0.0,7839
2026-10-06 03:05:30,CV_Charge,21.36,0.0,7839
2026-10-06 03:05:31,CV_Charge,21.36,0.0,7839
2026-10-06 03:05:32,CV_Charge,21.36,0.0,7839
2026-10-06 03:05:33,CV_Charge,21.36,0.0,7839
2026-10-06 03:05:34,CV_Charge,21.36,0.0,7839
2026-10-06 03:05:35,CV_Charge,21.36,0.0,7839
2026-10-06 03:05:36,CV_Charge,21.36,0.0,7839
2026-10-06 03:05:37,CV_Charge,21.36,0.0,7839
2026-10-06 03:05:38,CV_Charge,21.36,0.0,7839
2026-10-06 03:05:39,Unknown (102),132.37,0.0,7839
2026-10-06 03:05:40,CV_Charge,21.36,0.0,7839
2026-10-06 03:05:41,CV_Charge,21.36,0.0,7839
2026-10-06 03:05:42,CV_Charge,21.36,0.0,7839
2026-10-06 03:05:43,CV_Charge,21.36,0.0,7839
2026-10-06 03:05:44,CV_Charge,21.36,0.0,7839
2026-10-06 03:05:45,CV_Charge,21.36,0.0,7839
2026-10-06 03:05:46,CV_Charge,21.36,0.0,7839
2026-10-06 03:05:47,CV_Charge,21.36,0.0,7839
2026-10-06 03:05:48,CV_Charge,21.36,0.0,7839
2026-10-06 03:05:49,CV_Charge,21.36,0.0,7839
2026-10-06 03:05:50,CV_Charge,21.36,0.0,7839
2026-10-06 03:05:51,CV_Charge,21.36,0.0,7839
2026-10-06 03:05:52,CV_Charge,21.36,0.0,7839
2026-10-06 03:05:53,CV_Charge,21.36,0.0,7839
2026-10-06 03:05:54,CV_Charge,21.36,0.0,7839
2026-10-06 03:05:55,CV_Charge,21.36,0.0,7839
2026-10-06 03:05:56,CV_Charge,21.36,0.0,7839
2026-10-06 03:05:57,CV_Charge,21.36,0.0,7839
2026-10-06 03:05:58,CV_Charge,21.36,0.0,7839
2026-10-06 03:05:59,CV_Charge,21.36,0.0,7839
2026-10-06 03:06:00,CV_Charge,21.36,0.0,7839
2026-10-06 03:06:01,CV_Charge,21.36,0.0,7839
2026-10-06 03:06:02,CV_Charge,21.36,0.0,7839
2026-10-06 03:06:03,CV_Charge,21.36,0.0,7839
2026-10-06 03:06:04,CV_Charge,21.36,0.0,7839
2026-10-06 03:06:05,CV_Charge,21.36,0.0,7839
2026-10-06 03:06:06,CV_Charge,21.36,0.0,7839
2026-10-06 03:06:07,CV_Charge,21.36,0.0,7839
2026-10-06 03:06:08,CV_Charge,21.36,0.0,7839
2026-10-06 03:06:09,CV_Charge,21.36,0.0,7839
2026-10-06 03:06:10,CV_Charge,21.36,0.0,7839
2026-10-06 03:06:11,CV_Charge,21.36,0.0,7839
2026-10-06 03:06:12,CV_Charge,21.36,0.0,7839
2026-10-06 03:06:13,CV_Charge,21.36,0.0,7839
2026-10-06 03:06:14,CV_Charge,21.36,0.0,7839
2026-10-06 03:06:15,CV_Charge,21.36,0.0,7839
2026-10-06 03:06:16,CV_Charge,21.36,0.0,7839
2026-10-06 03:06:17,CV_Charge,21.36,0.0,7839
2026-10-06 03:06:18,CV_Charge,21.36,0.0,7839
2026-10-06 03:06:19,CV_Charge,21.36,0.0,7839
2026-10-06 03:06:20,CV_Charge,21.36,0.0,7839
2026-10-06 03:06:21,Unknown (102),132.37,0.0,7839
2026-10-06 03:06:22,CV_Charge,21.36,0.0,7839
2026-10-06 03:06:23,CV_Charge,21.36,0.0,7839
2026-10-06 03:06:24,CV_Charge,21.36,0.0,7839
2026-10-06 03:06:25,CV_Charge,21.36,0.0,7839
2026-10-06 03:06:26,CV_Charge,21.36,0.0,7839
2026-10-06 03:06:27,CV_Charge,21.36,0.0,7839
2026-10-06 03:06:28,CV_Charge,21.36,0.0,7839
2026-10-06 03:06:29,CV_Charge,21.36,0.0,7839
2026-10-06 03:06:30,CV_Charge,21.36,0.0,7839
2026-10-06 03:06:31,CV_Charge,21.36,0.0,7839
2026-10-06 03:06:32,CV_Charge,21.36,0.0,7839
2026-10-06 03:06:33,CV_Charge,21.36,0.0,7839
2026-10-06 03:06:34,CV_Charge,21.36,0.0,7839
2026-10-06 03:06:35,CV_Charge,21.36,0.0,7839
2026-10-06 03:06:36,CV_Charge,21.36,0.0,7839
2026-10-06 03:06:37,CV_Charge,21.36,0.0,7839
2026-10-06 03:06:38,CV_Charge,21.36,0.0,7839
2026-10-06 03:06:39,CV_Charge,21.36,0.0,7839
2026-10-06 03:06:40,CV_Charge,21.36,0.0,7839
2026-10-06 03:06:41,CV_Charge,21.36,0.0,7839
2026-10-06 03:06:42,CV_Charge,21.36,0.0,7839
2026-10-06 03:06:43,CV_Charge,21.36,0.0,7839
2026-10-06 03:06:44,CV_Charge,21.36,0.0,7839
2026-10-06 03:06:45,CV_Charge,21.36,0.0,7839
2026-10-06 03:06:46,CV_Charge,21.36,0.0,7839
2026-10-06 03:06:47,CV_Charge,21.36,0.0,7839
2026-10-06 03:06:48,CV_Charge,21.36,0.0,7839
2026-10-06 03:06:49,CV_Charge,21.36,0.0,7839
2026-10-06 03:06:50,CV_Charge,21.36,0.0,7839
2026-10-06 03:06:51,CV_Charge,21.36,0.0,7839
2026-10-06 03:06:52,CV_Charge,21.36,0.0,7839
2026-10-06 03:06:53,CV_Charge,21.36,0.0,7839
2026-10-06 03:06:54,Unknown (102),132.37,0.0,7839
2026-10-06 03:06:55,CV_Charge,21.36,0.0,7839
2026-10-06 03:06:56,CV_Charge,21.36,0.0,7839
2026-10-06 03:06:57,CV_Charge,21.36,0.0,7839
2026-10-06 03:06:58,CV_Charge,21.36,0.0,7839
2026-10-06 03:06:59,CV_Charge,21.36,0.0,7839
2026-10-06 03:07:00,CV_Charge,21.36,0.0,7839
2026-10-06 03:07:01,CV_Charge,21.36,0.0,7839
2026-10-06 03:07:02,CV_Charge,21.36,0.0,7839
2026-10-06 03:07:03,CV_Charge,21.36,0.0,7839
2026-10-06 03:07:04,CV_Charge,21.36,0.0,7839
2026-10-06 03:07:05,CV_Charge,21.36,0.0,7839
2026-10-06 03:07:06,CV_Charge,21.36,0.0,7839
2026-10-06 03:07:07,CV_Charge,21.36,0.0,7839
2026-10-06 03:07:08,CV_Charge,21.36,0.0,7839
2026-10-06 03:07:09,CV_Charge,21.36,0.0,7839
2026-10-06 03:07:10,CV_Charge,21.36,0.0,7839
2026-10-06 03:07:11,CV_Charge,21.36,0.0,7839
2026-10-06 03:07:12,CV_Charge,21.36,0.0,7839
2026-10-06 03:07:13,CV_Charge,21.36,0.0,7839
2026-10-06 03:07:14,CV_Charge,21.36,0.0,7839
2026-10-06 03:07:15,CV_Charge,21.36,0.0,7839
2026-10-06 03:07:16,CV_Charge,21.36,0.0,7839
2026-10-06 03:07:17,CV_Charge,21.36,0.0,7839
2026-10-06 03:07:18,CV_Charge,21.36,0.0,7839
2026-10-06 03:07:19,CV_Charge,21.36,0.0,7839
2026-10-06 03:07:20,CV_Charge,21.36,0.0,7839
