Timestamp,Voltage_V,Current_A
2026-10-06 03:28:46,8.543,0.0
2026-10-06 03:28:47,8.543,0.0
2026-10-06 03:28:48,8.543,0.0
2026-10-06 03:28:49,8.543,0.0
2026-10-06 03:28:50,8.543,0.0
2026-10-06 03:28:51,8.543,0.0
2026-10-06 03:28:52,8.543,0.0
2026-10-06 03:28:53,8.543,0.0
2026-10-06 03:28:54,8.543,0.0
2026-10-06 03:28:55,8.543,0.0
2026-10-06 03:28:56,8.543,0.0
2026-10-06 03:28:57,8.543,0.0
2026-10-06 03:28:58,8.543,0.0
2026-10-06 03:28:59,8.543,0.0
2026-10-06 03:29:00,8.543,0.0
2026-10-06 03:29:01,8.543,0.0
2026-10-06 03:29:02,8.543,0.0
2026-10-06 03:29:03,8.543,0.0
2026-10-06 03:29:04,8.543,0.0
2026-10-06 03:29:05,8.543,0.0
2026-10-06 03:29:06,8.543,0.0
2026-10-06 03:29:07,8.543,0.0
2026-10-06 03:29:08,8.543,0.0
2026-10-06 03:29:09,8.543,0.0
2026-10-06 03:29:10,8.543,0.0
2026-10-06 03:29:11,8.543,0.0
2026-10-06 03:29:12,8.543,0.0
2026-10-06 03:29:13,8.543,0.0
2026-10-06 03:29:14,8.543,0.0
2026-10-06 03:29:15,8.543,0.0
2026-10-06 03:29:16,8.543,0.0
2026-10-06 03:29:17,8.543,0.0
2026-10-06 03:29:19,52.947,0.0
2026-10-06 03:29:20,8.543,0.0
2026-10-06 03:29:21,8.543,0.0
2026-10-06 03:29:22,8.543,0.0
2026-10-06 03:29:23,8.543,0.0
2026-10-06 03:29:24,8.543,0.0
2026-10-06 03:29:25,8.543,0.0
2026-10-06 03:29:26,8.543,0.0
2026-10-06 03:29:27,8.543,0.0
2026-10-06 03:29:28,8.543,0.0
2026-10-06 03:29:29,8.543,0.0
2026-10-06 03:29:30,8.543,0.0
2026-10-06 03:29:31,8.543,0.0
2026-10-06 03:29:32,8.543,0.0
2026-10-06 03:29:33,8.543,0.0
2026-10-06 03:29:35,52.947,0.0
2026-10-06 03:29:36,8.543,0.0
2026-10-06 03:29:37,8.543,0.0
2026-10-06 03:29:38,8.543,0.0
2026-10-06 03:29:39,8.543,0.0
2026-10-06 03:29:40,8.543,0.0
2026-10-06 03:29:41,8.543,0.0
2026-10-06 03:29:42,8.543,0.0
2026-10-06 03:29:43,8.543,0.0
2026-10-06 03:29:44,8.543,0.0
2026-10-06 03:29:45,8.543,0.0
2026-10-06 03:29:46,8.543,0.0
2026-10-06 03:29:47,8.543,0.0
2026-10-06 03:29:48,8.543,0.0
2026-10-06 03:29:49,8.543,0.0
2026-10-06 03:29:50,8.543,0.0
2026-10-06 03:29:51,8.543,0.0
2026-10-06 03:29:52,8.543,0.0
2026-10-06 03:29:53,8.543,0.0
2026-10-06 03:29:54,8.543,0.0
2026-10-06 03:29:55,8.543,0.0
2026-10-06 03:29:57,52.947,0.0
2026-10-06 03:29:58,8.543,0.0
2026-10-06 03:29:59,8.543,0.0
2026-10-06 03:30:00,8.543,0.0
2026-10-06 03:30:01,8.543,0.0
2026-10-06 03:30:02,8.543,0.0
2026-10-06 03:30:03,8.543,0.0
2026-10-06 03:30:04,8.543,0.0
2026-10-06 03:30:05,8.543,0.0
2026-10-06 03:30:06,8.543,0.0
2026-10-06 03:30:07,8.543,0.0
2026-10-06 03:30:08,8.543,0.0
2026-10-06 03:30:09,8.543,0.0
2026-10-06 03:30:10,8.543,0.0
2026-10-06 03:30:11,8.543,0.0
2026-10-06 03:30:12,8.543,0.0
2026-10-06 03:30:13,8.543,0.0
2026-10-06 03:30:14,8.543,0.0
2026-10-06 03:30:15,8.543,0.0
2026-10-06 03:30:16,8.543,0.0
2026-10-06 03:30:17,8.543,0.0
2026-10-06 03:30:18,8.543,0.0
2026-10-06 03:30:19,8.543,0.0
2026-10-06 03:30:21,52.947,0.0
2026-10-06 03:30:22,8.543,0.0
2026-10-06 03:30:23,8.543,0.0
2026-10-06 03:30:24,8.543,0.0
2026-10-06 03:30:25,8.543,0.0
2026-10-06 03:30:26,8.543,0.0
2026-10-06 03:30:27,8.543,0.0
2026-10-06 03:30:28,8.543,0.0
2026-10-06 03:30:29,8.543,0.0
2026-10-06 03:30:30,8.543,0.0
2026-10-06 03:30:31,8.543,0.0
2026-10-06 03:30:32,8.543,0.0
2026-10-06 03:30:33,8.543,0.0
2026-10-06 03:30:34,8.543,0.0
2026-10-06 03:30:35,8.543,0.0
2026-10-06 03:30:36,8.543,0.0
2026-10-06 03:30:37,8.543,0.0
2026-10-06 03:30:38,8.543,0.0
2026-10-06 03:30:39,8.543,0.0
2026-10-06 03:30:40,8.543,0.0
2026-10-06 03:30:41,8.543,0.0
2026-10-06 03:30:42,8.543,0.0
2026-10-06 03:30:43,8.543,0.0
2026-10-06 03:30:44,8.543,0.0
2026-10-06 03:30:46,52.947,0.0
2026-10-06 03:30:47,8.543,0.0
2026-10-06 03:30:48,8.543,0.0
2026-10-06 03:30:49,8.543,0.0
2026-10-06 03:30:50,8.543,0.0
2026-10-06 03:30:51,8.543,0.0
2026-10-06 03:30:52,8.543,0.0
2026-10-06 03:30:53,8.543,0.0
2026-10-06 03:30:54,8.543,0.0
2026-10-06 03:30:55,8.543,0.0
2026-10-06 03:30:56,8.543,0.0
2026-10-06 03:30:58,52.947,0.0
2026-10-06 03:30:59,8.543,0.0
2026-10-06 03:31:00,8.543,0.0
2026-10-06 03:31:01,8.543,0.0
2026-10-06 03:31:02,8.543,0.0
2026-10-06 03:31:03,8.543,0.0
2026-10-06 03:31:04,8.543,0.0
2026-10-06 03:31:05,8.543,0.0
2026-10-06 03:31:06,8.543,0.0
2026-10-06 03:31:07,8.543,0.0
2026-10-06 03:31:08,8.543,0.0
2026-10-06 03:31:09,8.543,0.0
2026-10-06 03:31:10,8.543,0.0
2026-10-06 03:31:11,8.543,0.0
2026-10-06 03:31:12,8.543,0.0
2026-10-06 03:31:13,8.543,0.0
2026-10-06 03:31:14,8.543,0.0
2026-10-06 03:31:15,8.543,0.0
2026-10-06 03:31:17,52.947,0.0
2026-10-06 03:31:18,8.543,0.0
2026-10-06 03:31:19,8.543,0.0
2026-10-06 03:31:20,8.543,0.0
2026-10-06 03:31:21,8.543,0.0
2026-10-06 03:31:22,8.543,0.0
2026-10-06 03:31:23,8.543,0.0
2026-10-06 03:31:24,8.543,0.0
2026-10-06 03:31:25,8.543,0.0
2026-10-06 03:31:26,8.543,0.0
2026-10-06 03:31:27,8.543,0.0
2026-10-06 03:31:28,8.543,0.0
2026-10-06 03:31:29,8.543,0.0
2026-10-06 03:31:31,52.947,0.0
2026-10-06 03:31:32,8.543,0.0
2026-10-06 03:31:33,8.543,0.0
2026-10-06 03:31:34,8.543,0.0
2026-10-06 03:31:35,8.543,0.0
2026-10-06 03:31:37,52.947,0.0
2026-10-06 03:31:38,8.543,0.0
2026-10-06 03:31:39,8.543,0.0
2026-10-06 03:31:40,8.543,0.0
2026-10-06 03:31:41,8.543,0.0
2026-10-06 03:31:42,8.543,0.0
2026-10-06 03:31:43,8.543,0.0
2026-10-06 03:31:44,8.543,0.0
2026-10-06 03:31:45,8.543,0.0
2026-10-06 03:31:46,8.543,0.0
2026-10-06 03:31:47,8.543,0.0
2026-10-06 03:31:48,8.543,0.0
2026-10-06 03:31:49,8.543,0.0
2026-10-06 03:31:50,8.543,0.0
2026-10-06 03:31:51,8.543,0.0
2026-10-06 03:31:52,8.543,0.0
2026-10-06 03:31:53,8.543,0.0
2026-10-06 03:31:54,8.543,0.0
2026-10-06 03:31:55,8.543,0.0
2026-10-06 03:31:56,8.543,0.0
2026-10-06 03:31:57,8.543,0.0
2026-10-06 03:31:58,8.543,0.0
2026-10-06 03:31:59,8.543,0.0
2026-10-06 03:32:00,8.543,0.0
2026-10-06 03:32:01,8.543,0.0
2026-10-06 03:32:02,8.543,0.0
2026-10-06 03:32:03,8.543,0.0
2026-10-06 03:32:04,8.543,0.0
2026-10-06 03:32:05,8.543,0.0
2026-10-06 03:32:06,8.543,0.0
2026-10-06 03:32:07,8.543,0.0
2026-10-06 03:32:08,8.543,0.0
2026-10-06 03:32:09,8.543,0.0
2026-10-06 03:32:10,8.543,0.0
2026-10-06 03:32:11,8.543,0.0
2026-10-06 03:32:13,52.947,0.0
2026-10-06 03:32:14,8.543,0.0
2026-10-06 03:32:15,8.543,0.0
2026-10-06 03:32:16,8.543,0.0
2026-10-06 03:32:17,8.543,0.0
2026-10-06 03:32:18,8.543,0.0
2026-10-06 03:32:19,8.543,0.0
2026-10-06 03:32:20,8.543,0.0
2026-10-06 03:32:21,8.543,0.0
2026-10-06 03:32:22,8.543,0.0
2026-10-06 03:32:23,8.543,0.0
2026-10-06 03:32:24,8.543,0.0
2026-10-06 03:32:25,8.543,0.0
2026-10-06 03:32:26,8.543,0.0
2026-10-06 03:32:27,8.543,0.0
2026-10-06 03:32:28,8.543,0.0
2026-10-06 03:32:29,8.543,0.0
2026-10-06 03:32:30,8.543,0.0
2026-10-06 03:32:31,8.543,0.0
2026-10-06 03:32:32,8.543,0.0
2026-10-06 03:32:33,8.543,0.0
2026-10-06 03:32:34,8.543,0.0
2026-10-06 03:32:35,8.543,0.0
2026-10-06 03:32:36,8.543,0.0
2026-10-06 03:32:37,8.543,0.0
2026-10-06 03:32:38,8.543,0.0
2026-10-06 03:32:39,8.543,0.0
2026-10-06 03:32:40,8.543,0.0
2026-10-06 03:32:41,8.543,0.0
2026-10-06 03:32:42,8.543,0.0
2026-10-06 03:32:44,52.947,0.0
2026-10-06 03:32:45,8.543,0.0
2026-10-06 03:32:46,8.543,0.0
2026-10-06 03:32:47,8.543,0.0
2026-10-06 03:32:48,8.543,0.0
2026-10-06 03:32:49,8.543,0.0
2026-10-06 03:32:50,8.543,0.0
2026-10-06 03:32:51,8.543,0.0
2026-10-06 03:32:52,8.543,0.0
2026-10-06 03:32:53,8.543,0.0
2026-10-06 03:32:54,8.543,0.0
2026-10-06 03:32:55,8.543,0.0
2026-10-06 03:32:56,8.543,0.0
2026-10-06 03:32:57,8.543,0.0
2026-10-06 03:32:58,8.543,0.0
2026-10-06 03:32:59,8.543,0.0
2026-10-06 03:33:00,8.543,0.0
2026-10-06 03:33:01,8.543,0.0
2026-10-06 03:33:02,8.543,0.0
2026-10-06 03:33:03,8.543,0.0
2026-10-06 03:33:04,8.543,0.0
2026-10-06 03:33:05,8.543,0.0
2026-10-06 03:33:06,8.543,0.0
2026-10-06 03:33:07,8.543,0.0
2026-10-06 03:33:08,8.543,0.0
2026-10-06 03:33:09,8.543,0.0
2026-10-06 03:33:10,8.543,0.0
2026-10-06 03:33:11,8.543,0.0
2026-10-06 03:33:12,8.543,0.0
2026-10-06 03:33:13,8.543,0.0
2026-10-06 03:33:14,8.543,0.0
2026-10-06 03:33:16,52.947,0.0
2026-10-06 03:33:17,8.543,0.0
2026-10-06 03:33:18,8.543,0.0
2026-10-06 03:33:19,8.543,0.0
2026-10-06 03:33:20,8.543,0.0
2026-10-06 03:33:21,8.543,0.0
2026-10-06 03:33:22,8.543,0.0
2026-10-06 03:33:23,8.543,0.0
2026-10-06 03:33:25,52.947,0.0
2026-10-06 03:33:26,8.543,0.0
2026-10-06 03:33:27,8.543,0.0
2026-10-06 03:33:28,8.543,0.0
2026-10-06 03:33:30,52.947,0.0
2026-10-06 03:33:31,8.543,0.0
2026-10-06 03:33:32,8.543,0.0
2026-10-06 03:33:33,8.543,0.0
2026-10-06 03:33:34,8.543,0.0
2026-10-06 03:33:35,8.543,0.0
2026-10-06 03:33:36,8.543,0.0
2026-10-06 03:33:37,8.543,0.0
2026-10-06 03:33:38,8.543,0.0
2026-10-06 03:33:39,8.543,0.0
2026-10-06 03:33:40,8.543,0.0
2026-10-06 03:33:41,8.543,0.0
2026-10-06 03:33:42,8.543,0.0
2026-10-06 03:33:43,8.543,0.0
2026-10-06 03:33:44,8.543,0.0
2026-10-06 03:33:45,8.543,0.0
2026-10-06 03:33:46,8.543,0.0
2026-10-06 03:33:47,8.543,0.0
2026-10-06 03:33:48,8.543,0.0
